Acquisition Manager - Admin,Global
Acquisition Manager v1,Global
Acquisition Manager,Global
AP Manager (New) (without PO),Global
AP Manager (New),Global
AP Manager (without PO),Global
AP Manager,Global
AR Manager - ACA Admin,Global
AR Manager - ACA,Global
AR Manager - CHECKscan Download,Global
AR Manager - International Admin,Global
AR Manager - International CC Admin,Global
AR Manager - International CC,Global
AR Manager - International Payments,Global
AR Manager - International,Global
AR Manager - Payments Admin,Global
AR Manager - Payments,Global
AR Manager - SFH Payments Admin,Global
AR Manager,Global
Bank Book,Global
Bluepoint-AppointmentManager,Global
Bluepoint-BluepointSupport,Global
Bluepoint-Receptionist,Global
Bluepoint-SiteAdministrator,Global
Bluepoint-SubscriptionAdministrator,Global
Bluepoint-TenantAdministrator,Global
Case Manager,Global
Chat IQ Admin New,Global
ChatIQ Admin,Global
CHECKscan Download,Global
CLM_broker,Global
CM - Admin,Global
CM - Implementation,Global
CM - Manager,Global
CM 2.0 - Admin,Global
CM 2.0 - Implementation,Global
CM 2.0 - Manager,Global
ComplianceAdmin,Global
ComplianceAdminPHA,Global
ComplianceManager,Global
ComplianceManagerPHA,Global
Concierge IQ,Global
Condo Board Member,Global
Construction Manager 2.0,Global
Construction Manager,Global
Contact IQ,Global
Corom 13 Period Lessee Accounting,Global
Corom Admin International,Global
Corom Admin,Global
Corom Broker,Global
COROM Demo,Global
Corom Finance,Global
Corom Lease Management International,Global
Corom Lease Management,Global
Corom Transaction Admin International,Global
Corom Transaction Admin,Global
COROM_TransUser,Global
COROMNet_APAR,Global
CorporateTenancy,Global
corporatetenancy_admin,Global
CorporateTenancy_Finance,Global
Corporatetenancy_Lease Admin,Global
CorporateTenancy_Transaction_Intnal,Global
corporatetenancy_yardi,Global
CRM IQ Int Admin,Global
CRM IQ Military - Admin,Global
CRM IQ Military - Community Manager,Global
CRM IQ Military - Leasing,Global
CRM IQ Military - Prospecting,Global
CRM IQ New York - Admin V1,Global
CRM IQ New York - Admin,Global
CRM IQ New York - Community Manager,Global
CRM IQ New York - Leasing,Global
CRM IQ New York - Prospecting,Global
CRM IQ Single Family - Admin,Global
CRM IQ Single Family - Community Manager,Global
CRM IQ Single Family - Leasing,Global
CRM IQ Single Family - Prospecting,Global
CRM IQ Specialty,Global
CRM IQ,Global
Data Connect,Global
Deal Manager Intl - Retail,Global
Deal Manager Intl,Global
Debt Manager - Borrower A16,Global
Debt Manager - Borrower,Global
Debt Manager - Lender A16,Global
Debt Manager - Lender,Global
Debt Manager v2 - Borrower,Global
Debt Manager v2 - Lender,Global
Elevate Multifamily - Admin,Global
Elevate Multifamily - Forecasting Admin,Global
Elevate Multifamily - Forecasting,Global
Elevate Multifamily - PHA,Global
Elevate Multifamily - Property Manager,Global
Elevate Multifamily - Reporting,Global
Elevate Multifamily - Revenue Manager,Global
Elevate Multifamily - Revenue Mgmt Comps,Global
Elevate Multifamily - Revenue Mgmt Reporting,Global
Elevate Multifamily - Revenue Mgmt Surveys,Global
Elevate Multifamily - Sr Manager,Global
Facility Manager-Security (Net),Global
Facility Manager-Security,Global
Fixed Asset Manager,Global
Floorplan Manager,Global
FM - Chief (Net),Global
FM - Chief,Global
FM - Facility Manager (Net),Global
FM - Facility Manager,Global
FM - Facility Manager-Acc (Net),Global
FM - Facility Manager-Acc,Global
FM - FMTech (Net),Global
FM - FMTech,Global
FM - Inspections (Net),Global
FM - Inspections,Global
FM - Operations (Net),Global
FM - Operations,Global
FM - Work Orders (Net),Global
FM - Work Orders,Global
Forecast Manager,Global
FS IR Only,Global
GL Bank Book,Global
GL Manager 1099,Global
GL Manager,Global
Home Health Caregiver,Global
Home Health Case Manager,Global
Home IQ Net,Global
Import Manager - Admin,Global
Import Manager - Provider,Global
Import Manager - Setup Provider,Global
Inspections IQ PHA,Global
Investment Accounting,Global
Investment Manager Net,Global
InvestorPortal_DBSelectionOnly,Global
IOT internal,Global
IoT PM,Global
Lease Manager - International,Global
Lease Manager - Lease Admin,Global
Lease Manager Admin,Global
Lease Manager,Global
LeaseManager - Insurance Read Only,Global
Legal IQ,Global
Maintenance IQ 2.0,Global
Maintenance IQ 3.0 _ DO NOT USE,Global
Maintenance IQ Inspections Only 2.0,Global
Maintenance IQ Inspections,Global
Maintenance IQ PHA,Global
Maintenance IQ Student Housing,Global
Maintenance IQ User 2.0,Global
Maintenance IQ User,Global
Maintenance IQ WO Tech 2.0,Global
Maintenance IQ WO Tech,Global
Maintenance IQ,Global
Maintenance Manager,Global
Marketing IQ Genius,Global
Marketing IQ,Global
MarketingIQ - Legacy,Global
Marketplace,Global
Message Channel System,Global
MH Manager,Global
MIQ 2.0 Admin,Global
MIQ Advanced Scheduling,Global
My Dashboard,Global
Owner Portal,Global
P2P Services - All,Global
P2P-Accounts Payable,Global
Parking Manager,Global
Payment Processing - ACA Admin,Global
Payment Processing - ACA,Global
Payment Processing - Admin,Global
Payment Processing - International Admin,Global
Payment Processing - International CC Admin,Global
Payment Processing - International CC,Global
Payment Processing - International,Global
Payment Processing,Global
Payments Processing 6008,Global
Performance Manager - Admin,Global
Performance Manager - Limited,Global
Performance Manager A16 - Admin,Global
Performance Manager A16,Global
Performance Manager,Global
Procure to Pay - Admin (New),Global
Procure to Pay - All (New),Global
Procure to Pay - All,Global
Procure to Pay - International (New),Global
Procure to Pay - International,Global
Procure to Pay - IR Only,Global
Procure to Pay - PO Only,Global
Procure to Pay - Standard,Global
Procure to Pay - WFDB (New),Global
Procure to Pay - WFDB,Global
Procure to Pay (New),Global
Procure to Pay + Marketplace,Global
Procure to Pay + VendorCafé + Marketplace,Global
Procure to Pay + VendorCafe,Global
Procure to Pay Admin,Global
Procure to Pay v2 - Admin,Global
Procure to Pay v2 - All,Global
Procure to Pay v2 - International,Global
Procure to Pay v2 - WFDB,Global
Procure to Pay v2,Global
Procure to Pay,Global
Pulse BOpt / FDD / MI Admin,Global
Pulse BOpt / FDD / MI,Global
Pulse GRESB,Global
Pulse MI / FDD Admin,Global
Pulse MI / FDD,Global
Pulse MI Admin,Global
Pulse MI,Global
Pulse Procure to Pay,Global
Pulse SFH Admin,Global
Pulse UIP / MI Admin,Global
Pulse UIP / MI,Global
Pulse UIP Admin,Global
Pulse UIP UB / MI Admin,Global
Pulse UIP UB Admin,Global
Pulse UIP UB,Global
Pulse UIP,Global
Resident Shield Power Multi-Family,Global
Resident Shield Power,Global
ResManager,Global
Retail Manager - CML,Global
Retail Manager,Global
Rewards By Rentcafe Admin,Global
Rewards By Rentcafe User,Global
RightSourceAPI,Global
﻿Role,Role Type
Senior CRM Admin,Global
Senior CRM,Global
Senior EHR - Admin,Global
Senior EHR - Caregiver,Global
Senior EHR - Med Tech,Global
Senior EHR - Nurse,Global
Senior EHR,Global
Senior Housing - Admin,Global
Senior Housing - International,Global
Senior Housing - Setup and Admin,Global
Senior Housing,Global
Senior IQ Admin,Global
Senior IQ,Global
Service Contract Manager - Admin,Global
Service Contract Manager User,Global
Service Contract Manager with RFP,Global
Service Contract Manager,Global
Site Manager Marketing Sites,Global
Site Manager Online Leasing,Global
Site Manager Resident Services,Global
Site Manager(Beta),Global
Social Housing Manager Global,Global
Storage Manager,Global
Student IQ Admin,Global
Student IQ,Global
System Administration,Global
Tenant Shield,Global
Valuation Manager,Global
VendorCafe,Global
VendorSign,Global
Virtuoso,Global
Voyager 8 Commercial - Accounting,Global
Voyager 8 Commercial - Admin,Global
Voyager 8 Commercial - International,Global
Voyager 8 Commercial - Lease Admin,Global
Voyager 8 Commercial,Global
Voyager 8 Condo,Global
Voyager 8 CRM IQ - Admin,Global
Voyager 8 CRM IQ - Community Manager,Global
Voyager 8 CRM IQ - Leasing,Global
Voyager 8 CRM IQ - Prospecting,Global
Voyager 8 CRRM,Global
Voyager 8 Military - Accounts Payable,Global
Voyager 8 Military - Admin,Global
Voyager 8 Military - Community Manager,Global
Voyager 8 Military - Leasing,Global
Voyager 8 Military - Maintenance,Global
Voyager 8 Military,Global
Voyager 8 New York - Accounting,Global
Voyager 8 New York - Accounts Payable,Global
Voyager 8 New York - Community Manager,Global
Voyager 8 New York - Leasing,Global
Voyager 8 New York - Maintenance,Global
Voyager 8 New York,Global
Voyager 8 Residential - Accounting,Global
Voyager 8 Residential - Accounts Payable,Global
Voyager 8 Residential - Canada,Global
Voyager 8 Residential - Community Manager,Global
Voyager 8 Residential - Leasing,Global
Voyager 8 Residential - Maintenance,Global
Voyager 8 Residential,Global
Voyager 8 Single Family - Accounting,Global
Voyager 8 Single Family - Accounts Payable,Global
Voyager 8 Single Family - Community Manager,Global
Voyager 8 Single Family - Leasing,Global
Voyager 8 Single Family - Maintenance,Global
Voyager 8 Single Family,Global
Voyager 8 Specialty,Global
Voyager Admin,Global
Wellness Manager Net,Global
Yardi Corporate Elevate - CRE Manager Admin,Global
Yardi Corporate Elevate - CRE Manager User,Global
Yes Utility Account Manager,Global
Yes Utility Billing Operator,Global
zArchive_CQ2,Global
